Attribute,Description,Valid Values,Required,DependsOn,DependsOn Component,Properties,Validation Rules,Template,Parent,Source,Type,Ontology,multivalue,UsedIn,module
AFU,Measurement unit,,False,,,ValidValue,regex search ([0-9]+\.[0-9]*.)|([0-9]+),"Genotyping,Metabolomics Human,Microbiome,RNAseq,Whole Genome Sequencing,bsSeq,scRNAseq",MeasurementUnit,"ImmPort,Proposed minimum metadata relative to mass spectrometry,Sage Bionetworks",STRING,"ImmPort,Proposed minimum metadata relative to mass spectrometry,Sage Bionetworks",False,"acquisitionBatchSizeUnit,batchSizeUnit,conversionRatioUnits,dnaBatchSizeUnit,experiementalBatchSizeUnit,lensVoltagesUnit,processingBatchSizeUnit,readLengthUnits,rnaBatchSizeUnit,sampleBatchSizeUnit,sequencingBatchSizeUnit,treatmentAmountUnit,vacuumPressureUnit",
AI,Measurement unit,,False,,,ValidValue,regex search ([0-9]+\.[0-9]*.)|([0-9]+),"Genotyping,Metabolomics Human,Microbiome,RNAseq,Whole Genome Sequencing,bsSeq,scRNAseq",MeasurementUnit,"ImmPort,Proposed minimum metadata relative to mass spectrometry,Sage Bionetworks",STRING,"ImmPort,Proposed minimum metadata relative to mass spectrometry,Sage Bionetworks",False,"acquisitionBatchSizeUnit,batchSizeUnit,conversionRatioUnits,dnaBatchSizeUnit,experiementalBatchSizeUnit,lensVoltagesUnit,processingBatchSizeUnit,readLengthUnits,rnaBatchSizeUnit,sampleBatchSizeUnit,sequencingBatchSizeUnit,treatmentAmountUnit,vacuumPressureUnit",
AU/ml,Measurement unit,,False,,,ValidValue,regex search ([0-9]+\.[0-9]*.)|([0-9]+),"Genotyping,Metabolomics Human,Microbiome,RNAseq,Whole Genome Sequencing,bsSeq,scRNAseq",MeasurementUnit,"ImmPort,Proposed minimum metadata relative to mass spectrometry,Sage Bionetworks",STRING,"ImmPort,Proposed minimum metadata relative to mass spectrometry,Sage Bionetworks",False,"acquisitionBatchSizeUnit,batchSizeUnit,conversionRatioUnits,dnaBatchSizeUnit,experiementalBatchSizeUnit,lensVoltagesUnit,processingBatchSizeUnit,readLengthUnits,rnaBatchSizeUnit,sampleBatchSizeUnit,sequencingBatchSizeUnit,treatmentAmountUnit,vacuumPressureUnit",
DK units/ml,Measurement unit,,False,,,ValidValue,regex search ([0-9]+\.[0-9]*.)|([0-9]+),"Genotyping,Metabolomics Human,Microbiome,RNAseq,Whole Genome Sequencing,bsSeq,scRNAseq",MeasurementUnit,"ImmPort,Proposed minimum metadata relative to mass spectrometry,Sage Bionetworks",STRING,"ImmPort,Proposed minimum metadata relative to mass spectrometry,Sage Bionetworks",False,"acquisitionBatchSizeUnit,batchSizeUnit,conversionRatioUnits,dnaBatchSizeUnit,experiementalBatchSizeUnit,lensVoltagesUnit,processingBatchSizeUnit,readLengthUnits,rnaBatchSizeUnit,sampleBatchSizeUnit,sequencingBatchSizeUnit,treatmentAmountUnit,vacuumPressureUnit",
HAU,Measurement unit,,False,,,ValidValue,regex search ([0-9]+\.[0-9]*.)|([0-9]+),"Genotyping,Metabolomics Human,Microbiome,RNAseq,Whole Genome Sequencing,bsSeq,scRNAseq",MeasurementUnit,"ImmPort,Proposed minimum metadata relative to mass spectrometry,Sage Bionetworks",STRING,"ImmPort,Proposed minimum metadata relative to mass spectrometry,Sage Bionetworks",False,"acquisitionBatchSizeUnit,batchSizeUnit,conversionRatioUnits,dnaBatchSizeUnit,experiementalBatchSizeUnit,lensVoltagesUnit,processingBatchSizeUnit,readLengthUnits,rnaBatchSizeUnit,sampleBatchSizeUnit,sequencingBatchSizeUnit,treatmentAmountUnit,vacuumPressureUnit",
IU,Measurement unit,,False,,,ValidValue,regex search ([0-9]+\.[0-9]*.)|([0-9]+),"Genotyping,Metabolomics Human,Microbiome,RNAseq,Whole Genome Sequencing,bsSeq,scRNAseq",MeasurementUnit,"ImmPort,Proposed minimum metadata relative to mass spectrometry,Sage Bionetworks",STRING,"ImmPort,Proposed minimum metadata relative to mass spectrometry,Sage Bionetworks",False,"acquisitionBatchSizeUnit,batchSizeUnit,conversionRatioUnits,dnaBatchSizeUnit,experiementalBatchSizeUnit,lensVoltagesUnit,processingBatchSizeUnit,readLengthUnits,rnaBatchSizeUnit,sampleBatchSizeUnit,sequencingBatchSizeUnit,treatmentAmountUnit,vacuumPressureUnit",
IU/ml,Measurement unit,,False,,,ValidValue,regex search ([0-9]+\.[0-9]*.)|([0-9]+),"Genotyping,Metabolomics Human,Microbiome,RNAseq,Whole Genome Sequencing,bsSeq,scRNAseq",MeasurementUnit,"ImmPort,Proposed minimum metadata relative to mass spectrometry,Sage Bionetworks",STRING,"ImmPort,Proposed minimum metadata relative to mass spectrometry,Sage Bionetworks",False,"acquisitionBatchSizeUnit,batchSizeUnit,conversionRatioUnits,dnaBatchSizeUnit,experiementalBatchSizeUnit,lensVoltagesUnit,processingBatchSizeUnit,readLengthUnits,rnaBatchSizeUnit,sampleBatchSizeUnit,sequencingBatchSizeUnit,treatmentAmountUnit,vacuumPressureUnit",
Kallikrein Inactivator Unit per Milliliter,Measurement unit,,False,,,ValidValue,regex search ([0-9]+\.[0-9]*.)|([0-9]+),"Genotyping,Metabolomics Human,Microbiome,RNAseq,Whole Genome Sequencing,bsSeq,scRNAseq",MeasurementUnit,"ImmPort,Proposed minimum metadata relative to mass spectrometry,Sage Bionetworks",STRING,"ImmPort,Proposed minimum metadata relative to mass spectrometry,Sage Bionetworks",False,"acquisitionBatchSizeUnit,batchSizeUnit,conversionRatioUnits,dnaBatchSizeUnit,experiementalBatchSizeUnit,lensVoltagesUnit,processingBatchSizeUnit,readLengthUnits,rnaBatchSizeUnit,sampleBatchSizeUnit,sequencingBatchSizeUnit,treatmentAmountUnit,vacuumPressureUnit",
M,Measurement unit,,False,,,ValidValue,regex search ([0-9]+\.[0-9]*.)|([0-9]+),"Genotyping,Metabolomics Human,Microbiome,RNAseq,Whole Genome Sequencing,bsSeq,scRNAseq",MeasurementUnit,"ImmPort,Proposed minimum metadata relative to mass spectrometry,Sage Bionetworks",STRING,"ImmPort,Proposed minimum metadata relative to mass spectrometry,Sage Bionetworks",False,"acquisitionBatchSizeUnit,batchSizeUnit,conversionRatioUnits,dnaBatchSizeUnit,experiementalBatchSizeUnit,lensVoltagesUnit,processingBatchSizeUnit,readLengthUnits,rnaBatchSizeUnit,sampleBatchSizeUnit,sequencingBatchSizeUnit,treatmentAmountUnit,vacuumPressureUnit",
MOI,Measurement unit,,False,,,ValidValue,regex search ([0-9]+\.[0-9]*.)|([0-9]+),"Genotyping,Metabolomics Human,Microbiome,RNAseq,Whole Genome Sequencing,bsSeq,scRNAseq",MeasurementUnit,"ImmPort,Proposed minimum metadata relative to mass spectrometry,Sage Bionetworks",STRING,"ImmPort,Proposed minimum metadata relative to mass spectrometry,Sage Bionetworks",False,"acquisitionBatchSizeUnit,batchSizeUnit,conversionRatioUnits,dnaBatchSizeUnit,experiementalBatchSizeUnit,lensVoltagesUnit,processingBatchSizeUnit,readLengthUnits,rnaBatchSizeUnit,sampleBatchSizeUnit,sequencingBatchSizeUnit,treatmentAmountUnit,vacuumPressureUnit",
NPX,Measurement unit,,False,,,ValidValue,regex search ([0-9]+\.[0-9]*.)|([0-9]+),"Genotyping,Metabolomics Human,Microbiome,RNAseq,Whole Genome Sequencing,bsSeq,scRNAseq",MeasurementUnit,"ImmPort,Proposed minimum metadata relative to mass spectrometry,Sage Bionetworks",STRING,"ImmPort,Proposed minimum metadata relative to mass spectrometry,Sage Bionetworks",False,"acquisitionBatchSizeUnit,batchSizeUnit,conversionRatioUnits,dnaBatchSizeUnit,experiementalBatchSizeUnit,lensVoltagesUnit,processingBatchSizeUnit,readLengthUnits,rnaBatchSizeUnit,sampleBatchSizeUnit,sequencingBatchSizeUnit,treatmentAmountUnit,vacuumPressureUnit",
PFU,Measurement unit,,False,,,ValidValue,regex search ([0-9]+\.[0-9]*.)|([0-9]+),"Genotyping,Metabolomics Human,Microbiome,RNAseq,Whole Genome Sequencing,bsSeq,scRNAseq",MeasurementUnit,"ImmPort,Proposed minimum metadata relative to mass spectrometry,Sage Bionetworks",STRING,"ImmPort,Proposed minimum metadata relative to mass spectrometry,Sage Bionetworks",False,"acquisitionBatchSizeUnit,batchSizeUnit,conversionRatioUnits,dnaBatchSizeUnit,experiementalBatchSizeUnit,lensVoltagesUnit,processingBatchSizeUnit,readLengthUnits,rnaBatchSizeUnit,sampleBatchSizeUnit,sequencingBatchSizeUnit,treatmentAmountUnit,vacuumPressureUnit",
PFUe,Measurement unit,,False,,,ValidValue,regex search ([0-9]+\.[0-9]*.)|([0-9]+),"Genotyping,Metabolomics Human,Microbiome,RNAseq,Whole Genome Sequencing,bsSeq,scRNAseq",MeasurementUnit,"ImmPort,Proposed minimum metadata relative to mass spectrometry,Sage Bionetworks",STRING,"ImmPort,Proposed minimum metadata relative to mass spectrometry,Sage Bionetworks",False,"acquisitionBatchSizeUnit,batchSizeUnit,conversionRatioUnits,dnaBatchSizeUnit,experiementalBatchSizeUnit,lensVoltagesUnit,processingBatchSizeUnit,readLengthUnits,rnaBatchSizeUnit,sampleBatchSizeUnit,sequencingBatchSizeUnit,treatmentAmountUnit,vacuumPressureUnit",
Pound,Measurement unit,,False,,,ValidValue,regex search ([0-9]+\.[0-9]*.)|([0-9]+),"Genotyping,Metabolomics Human,Microbiome,RNAseq,Whole Genome Sequencing,bsSeq,scRNAseq",MeasurementUnit,"ImmPort,Proposed minimum metadata relative to mass spectrometry,Sage Bionetworks",STRING,"ImmPort,Proposed minimum metadata relative to mass spectrometry,Sage Bionetworks",False,"acquisitionBatchSizeUnit,batchSizeUnit,conversionRatioUnits,dnaBatchSizeUnit,experiementalBatchSizeUnit,lensVoltagesUnit,processingBatchSizeUnit,readLengthUnits,rnaBatchSizeUnit,sampleBatchSizeUnit,sequencingBatchSizeUnit,treatmentAmountUnit,vacuumPressureUnit",
TCID50,Measurement unit,,False,,,ValidValue,regex search ([0-9]+\.[0-9]*.)|([0-9]+),"Genotyping,Metabolomics Human,Microbiome,RNAseq,Whole Genome Sequencing,bsSeq,scRNAseq",MeasurementUnit,"ImmPort,Proposed minimum metadata relative to mass spectrometry,Sage Bionetworks",STRING,"ImmPort,Proposed minimum metadata relative to mass spectrometry,Sage Bionetworks",False,"acquisitionBatchSizeUnit,batchSizeUnit,conversionRatioUnits,dnaBatchSizeUnit,experiementalBatchSizeUnit,lensVoltagesUnit,processingBatchSizeUnit,readLengthUnits,rnaBatchSizeUnit,sampleBatchSizeUnit,sequencingBatchSizeUnit,treatmentAmountUnit,vacuumPressureUnit",
bpg/dl,Measurement unit,,False,,,ValidValue,,"Metabolomics Human,Microbiome,RNAseq,Whole Genome Sequencing,bsSeq,scRNAseq",MeasurementUnit,"Proposed minimum metadata relative to mass spectrometry,Sage Bionetworks",STRING,"Proposed minimum metadata relative to mass spectrometry,Sage Bionetworks",False,"acquisitionBatchSizeUnit,batchSizeUnit,conversionRatioUnits,dnaBatchSizeUnit,experiementalBatchSizeUnit,lensVoltagesUnit,processingBatchSizeUnit,readLengthUnits,rnaBatchSizeUnit,sampleBatchSizeUnit,sequencingBatchSizeUnit,vacuumPressureUnit",
g/dl,Measurement unit,,False,,,ValidValue,regex search ([0-9]+\.[0-9]*.)|([0-9]+),Genotyping,MeasurementUnit,"ImmPort,Sage Bionetworks",STRING,"ImmPort,Sage Bionetworks",False,treatmentAmountUnit,
g/l,Measurement unit,,False,,,ValidValue,regex search ([0-9]+\.[0-9]*.)|([0-9]+),"Genotyping,Metabolomics Human,Microbiome,RNAseq,Whole Genome Sequencing,bsSeq,scRNAseq",MeasurementUnit,"ImmPort,Proposed minimum metadata relative to mass spectrometry,Sage Bionetworks",STRING,"ImmPort,Proposed minimum metadata relative to mass spectrometry,Sage Bionetworks",False,"acquisitionBatchSizeUnit,batchSizeUnit,conversionRatioUnits,dnaBatchSizeUnit,experiementalBatchSizeUnit,lensVoltagesUnit,processingBatchSizeUnit,readLengthUnits,rnaBatchSizeUnit,sampleBatchSizeUnit,sequencingBatchSizeUnit,treatmentAmountUnit,vacuumPressureUnit",
gm,Measurement unit,,False,,,ValidValue,regex search ([0-9]+\.[0-9]*.)|([0-9]+),"Genotyping,Metabolomics Human,Microbiome,RNAseq,Whole Genome Sequencing,bsSeq,scRNAseq",MeasurementUnit,"ImmPort,Proposed minimum metadata relative to mass spectrometry,Sage Bionetworks",STRING,"ImmPort,Proposed minimum metadata relative to mass spectrometry,Sage Bionetworks",False,"acquisitionBatchSizeUnit,batchSizeUnit,conversionRatioUnits,dnaBatchSizeUnit,experiementalBatchSizeUnit,lensVoltagesUnit,processingBatchSizeUnit,readLengthUnits,rnaBatchSizeUnit,sampleBatchSizeUnit,sequencingBatchSizeUnit,treatmentAmountUnit,vacuumPressureUnit",
iu/l,Measurement unit,,False,,,ValidValue,regex search ([0-9]+\.[0-9]*.)|([0-9]+),"Genotyping,Metabolomics Human,Microbiome,RNAseq,Whole Genome Sequencing,bsSeq,scRNAseq",MeasurementUnit,"ImmPort,Proposed minimum metadata relative to mass spectrometry,Sage Bionetworks",STRING,"ImmPort,Proposed minimum metadata relative to mass spectrometry,Sage Bionetworks",False,"acquisitionBatchSizeUnit,batchSizeUnit,conversionRatioUnits,dnaBatchSizeUnit,experiementalBatchSizeUnit,lensVoltagesUnit,processingBatchSizeUnit,readLengthUnits,rnaBatchSizeUnit,sampleBatchSizeUnit,sequencingBatchSizeUnit,treatmentAmountUnit,vacuumPressureUnit",
kg,Measurement unit,,False,,,ValidValue,regex search ([0-9]+\.[0-9]*.)|([0-9]+),"Genotyping,Metabolomics Human,Microbiome,RNAseq,Whole Genome Sequencing,bsSeq,scRNAseq",MeasurementUnit,"ImmPort,Proposed minimum metadata relative to mass spectrometry,Sage Bionetworks",STRING,"ImmPort,Proposed minimum metadata relative to mass spectrometry,Sage Bionetworks",False,"acquisitionBatchSizeUnit,batchSizeUnit,conversionRatioUnits,dnaBatchSizeUnit,experiementalBatchSizeUnit,lensVoltagesUnit,processingBatchSizeUnit,readLengthUnits,rnaBatchSizeUnit,sampleBatchSizeUnit,sequencingBatchSizeUnit,treatmentAmountUnit,vacuumPressureUnit",
l,Measurement unit,,False,,,ValidValue,regex search ([0-9]+\.[0-9]*.)|([0-9]+),"Genotyping,Metabolomics Human,Microbiome,RNAseq,Whole Genome Sequencing,bsSeq,scRNAseq",MeasurementUnit,"ImmPort,Proposed minimum metadata relative to mass spectrometry,Sage Bionetworks",STRING,"ImmPort,Proposed minimum metadata relative to mass spectrometry,Sage Bionetworks",False,"acquisitionBatchSizeUnit,batchSizeUnit,conversionRatioUnits,dnaBatchSizeUnit,experiementalBatchSizeUnit,lensVoltagesUnit,processingBatchSizeUnit,readLengthUnits,rnaBatchSizeUnit,sampleBatchSizeUnit,sequencingBatchSizeUnit,treatmentAmountUnit,vacuumPressureUnit",
mM,Measurement unit,,False,,,ValidValue,regex search ([0-9]+\.[0-9]*.)|([0-9]+),"Genotyping,Metabolomics Human,Microbiome,RNAseq,Whole Genome Sequencing,bsSeq,scRNAseq",MeasurementUnit,"ImmPort,Proposed minimum metadata relative to mass spectrometry,Sage Bionetworks",STRING,"ImmPort,Proposed minimum metadata relative to mass spectrometry,Sage Bionetworks",False,"acquisitionBatchSizeUnit,batchSizeUnit,conversionRatioUnits,dnaBatchSizeUnit,experiementalBatchSizeUnit,lensVoltagesUnit,processingBatchSizeUnit,readLengthUnits,rnaBatchSizeUnit,sampleBatchSizeUnit,sequencingBatchSizeUnit,treatmentAmountUnit,vacuumPressureUnit",
mg,Measurement unit,,False,,,ValidValue,regex search ([0-9]+\.[0-9]*.)|([0-9]+),"Genotyping,Metabolomics Human,Microbiome,RNAseq,Whole Genome Sequencing,bsSeq,scRNAseq",MeasurementUnit,"ImmPort,Proposed minimum metadata relative to mass spectrometry,Sage Bionetworks",STRING,"ImmPort,Proposed minimum metadata relative to mass spectrometry,Sage Bionetworks",False,"acquisitionBatchSizeUnit,batchSizeUnit,conversionRatioUnits,dnaBatchSizeUnit,experiementalBatchSizeUnit,lensVoltagesUnit,processingBatchSizeUnit,readLengthUnits,rnaBatchSizeUnit,sampleBatchSizeUnit,sequencingBatchSizeUnit,treatmentAmountUnit,vacuumPressureUnit",
mg/dl,Measurement unit,,False,,,ValidValue,regex search ([0-9]+\.[0-9]*.)|([0-9]+),"Genotyping,Metabolomics Human,Microbiome,RNAseq,Whole Genome Sequencing,bsSeq,scRNAseq",MeasurementUnit,"ImmPort,Proposed minimum metadata relative to mass spectrometry,Sage Bionetworks",STRING,"ImmPort,Proposed minimum metadata relative to mass spectrometry,Sage Bionetworks",False,"acquisitionBatchSizeUnit,batchSizeUnit,conversionRatioUnits,dnaBatchSizeUnit,experiementalBatchSizeUnit,lensVoltagesUnit,processingBatchSizeUnit,readLengthUnits,rnaBatchSizeUnit,sampleBatchSizeUnit,sequencingBatchSizeUnit,treatmentAmountUnit,vacuumPressureUnit",
mg/l,Measurement unit,,False,,,ValidValue,regex search ([0-9]+\.[0-9]*.)|([0-9]+),"Genotyping,Metabolomics Human,Microbiome,RNAseq,Whole Genome Sequencing,bsSeq,scRNAseq",MeasurementUnit,"ImmPort,Proposed minimum metadata relative to mass spectrometry,Sage Bionetworks",STRING,"ImmPort,Proposed minimum metadata relative to mass spectrometry,Sage Bionetworks",False,"acquisitionBatchSizeUnit,batchSizeUnit,conversionRatioUnits,dnaBatchSizeUnit,experiementalBatchSizeUnit,lensVoltagesUnit,processingBatchSizeUnit,readLengthUnits,rnaBatchSizeUnit,sampleBatchSizeUnit,sequencingBatchSizeUnit,treatmentAmountUnit,vacuumPressureUnit",
mg/ml,Measurement unit,,False,,,ValidValue,regex search ([0-9]+\.[0-9]*.)|([0-9]+),"Genotyping,Metabolomics Human,Microbiome,RNAseq,Whole Genome Sequencing,bsSeq,scRNAseq",MeasurementUnit,"ImmPort,Proposed minimum metadata relative to mass spectrometry,Sage Bionetworks",STRING,"ImmPort,Proposed minimum metadata relative to mass spectrometry,Sage Bionetworks",False,"acquisitionBatchSizeUnit,batchSizeUnit,conversionRatioUnits,dnaBatchSizeUnit,experiementalBatchSizeUnit,lensVoltagesUnit,processingBatchSizeUnit,readLengthUnits,rnaBatchSizeUnit,sampleBatchSizeUnit,sequencingBatchSizeUnit,treatmentAmountUnit,vacuumPressureUnit",
miu/ml,Measurement unit,,False,,,ValidValue,regex search ([0-9]+\.[0-9]*.)|([0-9]+),"Genotyping,Metabolomics Human,Microbiome,RNAseq,Whole Genome Sequencing,bsSeq,scRNAseq",MeasurementUnit,"ImmPort,Proposed minimum metadata relative to mass spectrometry,Sage Bionetworks",STRING,"ImmPort,Proposed minimum metadata relative to mass spectrometry,Sage Bionetworks",False,"acquisitionBatchSizeUnit,batchSizeUnit,conversionRatioUnits,dnaBatchSizeUnit,experiementalBatchSizeUnit,lensVoltagesUnit,processingBatchSizeUnit,readLengthUnits,rnaBatchSizeUnit,sampleBatchSizeUnit,sequencingBatchSizeUnit,treatmentAmountUnit,vacuumPressureUnit",
ml,Measurement unit,,False,,,ValidValue,regex search ([0-9]+\.[0-9]*.)|([0-9]+),"Genotyping,Metabolomics Human,Microbiome,RNAseq,Whole Genome Sequencing,bsSeq,scRNAseq",MeasurementUnit,"ImmPort,Proposed minimum metadata relative to mass spectrometry,Sage Bionetworks",STRING,"ImmPort,Proposed minimum metadata relative to mass spectrometry,Sage Bionetworks",False,"acquisitionBatchSizeUnit,batchSizeUnit,conversionRatioUnits,dnaBatchSizeUnit,experiementalBatchSizeUnit,lensVoltagesUnit,processingBatchSizeUnit,readLengthUnits,rnaBatchSizeUnit,sampleBatchSizeUnit,sequencingBatchSizeUnit,treatmentAmountUnit,vacuumPressureUnit",
nM,Measurement unit,,False,,,ValidValue,regex search ([0-9]+\.[0-9]*.)|([0-9]+),"Genotyping,Metabolomics Human,Microbiome,RNAseq,Whole Genome Sequencing,bsSeq,scRNAseq",MeasurementUnit,"ImmPort,Proposed minimum metadata relative to mass spectrometry,Sage Bionetworks",STRING,"ImmPort,Proposed minimum metadata relative to mass spectrometry,Sage Bionetworks",False,"acquisitionBatchSizeUnit,batchSizeUnit,conversionRatioUnits,dnaBatchSizeUnit,experiementalBatchSizeUnit,lensVoltagesUnit,processingBatchSizeUnit,readLengthUnits,rnaBatchSizeUnit,sampleBatchSizeUnit,sequencingBatchSizeUnit,treatmentAmountUnit,vacuumPressureUnit",
ng,Measurement unit,,False,,,ValidValue,regex search ([0-9]+\.[0-9]*.)|([0-9]+),"Genotyping,Metabolomics Human,Microbiome,RNAseq,Whole Genome Sequencing,bsSeq,scRNAseq",MeasurementUnit,"ImmPort,Proposed minimum metadata relative to mass spectrometry,Sage Bionetworks",STRING,"ImmPort,Proposed minimum metadata relative to mass spectrometry,Sage Bionetworks",False,"acquisitionBatchSizeUnit,batchSizeUnit,conversionRatioUnits,dnaBatchSizeUnit,experiementalBatchSizeUnit,lensVoltagesUnit,processingBatchSizeUnit,readLengthUnits,rnaBatchSizeUnit,sampleBatchSizeUnit,sequencingBatchSizeUnit,treatmentAmountUnit,vacuumPressureUnit",
ng/dl,Measurement unit,,False,,,ValidValue,regex search ([0-9]+\.[0-9]*.)|([0-9]+),"Genotyping,Metabolomics Human,Microbiome,RNAseq,Whole Genome Sequencing,bsSeq,scRNAseq",MeasurementUnit,"ImmPort,Proposed minimum metadata relative to mass spectrometry,Sage Bionetworks",STRING,"ImmPort,Proposed minimum metadata relative to mass spectrometry,Sage Bionetworks",False,"acquisitionBatchSizeUnit,batchSizeUnit,conversionRatioUnits,dnaBatchSizeUnit,experiementalBatchSizeUnit,lensVoltagesUnit,processingBatchSizeUnit,readLengthUnits,rnaBatchSizeUnit,sampleBatchSizeUnit,sequencingBatchSizeUnit,treatmentAmountUnit,vacuumPressureUnit",
ng/ml,Measurement unit,,False,,,ValidValue,regex search ([0-9]+\.[0-9]*.)|([0-9]+),"Genotyping,Metabolomics Human,Microbiome,RNAseq,Whole Genome Sequencing,bsSeq,scRNAseq",MeasurementUnit,"ImmPort,Proposed minimum metadata relative to mass spectrometry,Sage Bionetworks",STRING,"ImmPort,Proposed minimum metadata relative to mass spectrometry,Sage Bionetworks",False,"acquisitionBatchSizeUnit,batchSizeUnit,conversionRatioUnits,dnaBatchSizeUnit,experiementalBatchSizeUnit,lensVoltagesUnit,processingBatchSizeUnit,readLengthUnits,rnaBatchSizeUnit,sampleBatchSizeUnit,sequencingBatchSizeUnit,treatmentAmountUnit,vacuumPressureUnit",
ng/nl,Measurement unit,,False,,,ValidValue,regex search ([0-9]+\.[0-9]*.)|([0-9]+),"Genotyping,Metabolomics Human,Microbiome,RNAseq,Whole Genome Sequencing,bsSeq,scRNAseq",MeasurementUnit,"ImmPort,Proposed minimum metadata relative to mass spectrometry,Sage Bionetworks",STRING,"ImmPort,Proposed minimum metadata relative to mass spectrometry,Sage Bionetworks",False,"acquisitionBatchSizeUnit,batchSizeUnit,conversionRatioUnits,dnaBatchSizeUnit,experiementalBatchSizeUnit,lensVoltagesUnit,processingBatchSizeUnit,readLengthUnits,rnaBatchSizeUnit,sampleBatchSizeUnit,sequencingBatchSizeUnit,treatmentAmountUnit,vacuumPressureUnit",
ng/ul,Measurement unit,,False,,,ValidValue,regex search ([0-9]+\.[0-9]*.)|([0-9]+),"Genotyping,Metabolomics Human,Microbiome,RNAseq,Whole Genome Sequencing,bsSeq,scRNAseq",MeasurementUnit,"ImmPort,Proposed minimum metadata relative to mass spectrometry,Sage Bionetworks",STRING,"ImmPort,Proposed minimum metadata relative to mass spectrometry,Sage Bionetworks",False,"acquisitionBatchSizeUnit,batchSizeUnit,conversionRatioUnits,dnaBatchSizeUnit,experiementalBatchSizeUnit,lensVoltagesUnit,processingBatchSizeUnit,readLengthUnits,rnaBatchSizeUnit,sampleBatchSizeUnit,sequencingBatchSizeUnit,treatmentAmountUnit,vacuumPressureUnit",
nl,Measurement unit,,False,,,ValidValue,regex search ([0-9]+\.[0-9]*.)|([0-9]+),"Genotyping,Metabolomics Human,Microbiome,RNAseq,Whole Genome Sequencing,bsSeq,scRNAseq",MeasurementUnit,"ImmPort,Proposed minimum metadata relative to mass spectrometry,Sage Bionetworks",STRING,"ImmPort,Proposed minimum metadata relative to mass spectrometry,Sage Bionetworks",False,"acquisitionBatchSizeUnit,batchSizeUnit,conversionRatioUnits,dnaBatchSizeUnit,experiementalBatchSizeUnit,lensVoltagesUnit,processingBatchSizeUnit,readLengthUnits,rnaBatchSizeUnit,sampleBatchSizeUnit,sequencingBatchSizeUnit,treatmentAmountUnit,vacuumPressureUnit",
optical density,Measurement unit,,False,,,ValidValue,regex search ([0-9]+\.[0-9]*.)|([0-9]+),"Genotyping,Metabolomics Human,Microbiome,RNAseq,Whole Genome Sequencing,bsSeq,scRNAseq",MeasurementUnit,"ImmPort,Proposed minimum metadata relative to mass spectrometry,Sage Bionetworks",STRING,"ImmPort,Proposed minimum metadata relative to mass spectrometry,Sage Bionetworks",False,"acquisitionBatchSizeUnit,batchSizeUnit,conversionRatioUnits,dnaBatchSizeUnit,experiementalBatchSizeUnit,lensVoltagesUnit,processingBatchSizeUnit,readLengthUnits,rnaBatchSizeUnit,sampleBatchSizeUnit,sequencingBatchSizeUnit,treatmentAmountUnit,vacuumPressureUnit",
pM,Measurement unit,,False,,,ValidValue,regex search ([0-9]+\.[0-9]*.)|([0-9]+),"Genotyping,Metabolomics Human,Microbiome,RNAseq,Whole Genome Sequencing,bsSeq,scRNAseq",MeasurementUnit,"ImmPort,Proposed minimum metadata relative to mass spectrometry,Sage Bionetworks",STRING,"ImmPort,Proposed minimum metadata relative to mass spectrometry,Sage Bionetworks",False,"acquisitionBatchSizeUnit,batchSizeUnit,conversionRatioUnits,dnaBatchSizeUnit,experiementalBatchSizeUnit,lensVoltagesUnit,processingBatchSizeUnit,readLengthUnits,rnaBatchSizeUnit,sampleBatchSizeUnit,sequencingBatchSizeUnit,treatmentAmountUnit,vacuumPressureUnit",
pg,Measurement unit,,False,,,ValidValue,regex search ([0-9]+\.[0-9]*.)|([0-9]+),"Genotyping,Metabolomics Human,Microbiome,RNAseq,Whole Genome Sequencing,bsSeq,scRNAseq",MeasurementUnit,"ImmPort,Proposed minimum metadata relative to mass spectrometry,Sage Bionetworks",STRING,"ImmPort,Proposed minimum metadata relative to mass spectrometry,Sage Bionetworks",False,"acquisitionBatchSizeUnit,batchSizeUnit,conversionRatioUnits,dnaBatchSizeUnit,experiementalBatchSizeUnit,lensVoltagesUnit,processingBatchSizeUnit,readLengthUnits,rnaBatchSizeUnit,sampleBatchSizeUnit,sequencingBatchSizeUnit,treatmentAmountUnit,vacuumPressureUnit",
pg/mg creatinine,Measurement unit,,False,,,ValidValue,regex search ([0-9]+\.[0-9]*.)|([0-9]+),"Genotyping,Metabolomics Human,Microbiome,RNAseq,Whole Genome Sequencing,bsSeq,scRNAseq",MeasurementUnit,"ImmPort,Proposed minimum metadata relative to mass spectrometry,Sage Bionetworks",STRING,"ImmPort,Proposed minimum metadata relative to mass spectrometry,Sage Bionetworks",False,"acquisitionBatchSizeUnit,batchSizeUnit,conversionRatioUnits,dnaBatchSizeUnit,experiementalBatchSizeUnit,lensVoltagesUnit,processingBatchSizeUnit,readLengthUnits,rnaBatchSizeUnit,sampleBatchSizeUnit,sequencingBatchSizeUnit,treatmentAmountUnit,vacuumPressureUnit",
pg/ml,Measurement unit,,False,,,ValidValue,regex search ([0-9]+\.[0-9]*.)|([0-9]+),"Genotyping,Metabolomics Human,Microbiome,RNAseq,Whole Genome Sequencing,bsSeq,scRNAseq",MeasurementUnit,"ImmPort,Proposed minimum metadata relative to mass spectrometry,Sage Bionetworks",STRING,"ImmPort,Proposed minimum metadata relative to mass spectrometry,Sage Bionetworks",False,"acquisitionBatchSizeUnit,batchSizeUnit,conversionRatioUnits,dnaBatchSizeUnit,experiementalBatchSizeUnit,lensVoltagesUnit,processingBatchSizeUnit,readLengthUnits,rnaBatchSizeUnit,sampleBatchSizeUnit,sequencingBatchSizeUnit,treatmentAmountUnit,vacuumPressureUnit",
pg/nl,Measurement unit,,False,,,ValidValue,regex search ([0-9]+\.[0-9]*.)|([0-9]+),"Genotyping,Metabolomics Human,Microbiome,RNAseq,Whole Genome Sequencing,bsSeq,scRNAseq",MeasurementUnit,"ImmPort,Proposed minimum metadata relative to mass spectrometry,Sage Bionetworks",STRING,"ImmPort,Proposed minimum metadata relative to mass spectrometry,Sage Bionetworks",False,"acquisitionBatchSizeUnit,batchSizeUnit,conversionRatioUnits,dnaBatchSizeUnit,experiementalBatchSizeUnit,lensVoltagesUnit,processingBatchSizeUnit,readLengthUnits,rnaBatchSizeUnit,sampleBatchSizeUnit,sequencingBatchSizeUnit,treatmentAmountUnit,vacuumPressureUnit",
pg/ul,Measurement unit,,False,,,ValidValue,regex search ([0-9]+\.[0-9]*.)|([0-9]+),"Genotyping,Metabolomics Human,Microbiome,RNAseq,Whole Genome Sequencing,bsSeq,scRNAseq",MeasurementUnit,"ImmPort,Proposed minimum metadata relative to mass spectrometry,Sage Bionetworks",STRING,"ImmPort,Proposed minimum metadata relative to mass spectrometry,Sage Bionetworks",False,"acquisitionBatchSizeUnit,batchSizeUnit,conversionRatioUnits,dnaBatchSizeUnit,experiementalBatchSizeUnit,lensVoltagesUnit,processingBatchSizeUnit,readLengthUnits,rnaBatchSizeUnit,sampleBatchSizeUnit,sequencingBatchSizeUnit,treatmentAmountUnit,vacuumPressureUnit",
pl,Measurement unit,,False,,,ValidValue,regex search ([0-9]+\.[0-9]*.)|([0-9]+),"Genotyping,Metabolomics Human,Microbiome,RNAseq,Whole Genome Sequencing,bsSeq,scRNAseq",MeasurementUnit,"ImmPort,Proposed minimum metadata relative to mass spectrometry,Sage Bionetworks",STRING,"ImmPort,Proposed minimum metadata relative to mass spectrometry,Sage Bionetworks",False,"acquisitionBatchSizeUnit,batchSizeUnit,conversionRatioUnits,dnaBatchSizeUnit,experiementalBatchSizeUnit,lensVoltagesUnit,processingBatchSizeUnit,readLengthUnits,rnaBatchSizeUnit,sampleBatchSizeUnit,sequencingBatchSizeUnit,treatmentAmountUnit,vacuumPressureUnit",
uM,Measurement unit,,False,,,ValidValue,regex search ([0-9]+\.[0-9]*.)|([0-9]+),"Genotyping,Metabolomics Human,Microbiome,RNAseq,Whole Genome Sequencing,bsSeq,scRNAseq",MeasurementUnit,"ImmPort,Proposed minimum metadata relative to mass spectrometry,Sage Bionetworks",STRING,"ImmPort,Proposed minimum metadata relative to mass spectrometry,Sage Bionetworks",False,"acquisitionBatchSizeUnit,batchSizeUnit,conversionRatioUnits,dnaBatchSizeUnit,experiementalBatchSizeUnit,lensVoltagesUnit,processingBatchSizeUnit,readLengthUnits,rnaBatchSizeUnit,sampleBatchSizeUnit,sequencingBatchSizeUnit,treatmentAmountUnit,vacuumPressureUnit",
ug,Measurement unit,,False,,,ValidValue,regex search ([0-9]+\.[0-9]*.)|([0-9]+),"Genotyping,Metabolomics Human,Microbiome,RNAseq,Whole Genome Sequencing,bsSeq,scRNAseq",MeasurementUnit,"ImmPort,Proposed minimum metadata relative to mass spectrometry,Sage Bionetworks",STRING,"ImmPort,Proposed minimum metadata relative to mass spectrometry,Sage Bionetworks",False,"acquisitionBatchSizeUnit,batchSizeUnit,conversionRatioUnits,dnaBatchSizeUnit,experiementalBatchSizeUnit,lensVoltagesUnit,processingBatchSizeUnit,readLengthUnits,rnaBatchSizeUnit,sampleBatchSizeUnit,sequencingBatchSizeUnit,treatmentAmountUnit,vacuumPressureUnit",
ug/dl,Measurement unit,,False,,,ValidValue,regex search ([0-9]+\.[0-9]*.)|([0-9]+),"Genotyping,Metabolomics Human,Microbiome,RNAseq,Whole Genome Sequencing,bsSeq,scRNAseq",MeasurementUnit,"ImmPort,Proposed minimum metadata relative to mass spectrometry,Sage Bionetworks",STRING,"ImmPort,Proposed minimum metadata relative to mass spectrometry,Sage Bionetworks",False,"acquisitionBatchSizeUnit,batchSizeUnit,conversionRatioUnits,dnaBatchSizeUnit,experiementalBatchSizeUnit,lensVoltagesUnit,processingBatchSizeUnit,readLengthUnits,rnaBatchSizeUnit,sampleBatchSizeUnit,sequencingBatchSizeUnit,treatmentAmountUnit,vacuumPressureUnit",
ug/l,Measurement unit,,False,,,ValidValue,regex search ([0-9]+\.[0-9]*.)|([0-9]+),"Genotyping,Metabolomics Human,Microbiome,RNAseq,Whole Genome Sequencing,bsSeq,scRNAseq",MeasurementUnit,"ImmPort,Proposed minimum metadata relative to mass spectrometry,Sage Bionetworks",STRING,"ImmPort,Proposed minimum metadata relative to mass spectrometry,Sage Bionetworks",False,"acquisitionBatchSizeUnit,batchSizeUnit,conversionRatioUnits,dnaBatchSizeUnit,experiementalBatchSizeUnit,lensVoltagesUnit,processingBatchSizeUnit,readLengthUnits,rnaBatchSizeUnit,sampleBatchSizeUnit,sequencingBatchSizeUnit,treatmentAmountUnit,vacuumPressureUnit",
ug/ml,Measurement unit,,False,,,ValidValue,regex search ([0-9]+\.[0-9]*.)|([0-9]+),"Genotyping,Metabolomics Human,Microbiome,RNAseq,Whole Genome Sequencing,bsSeq,scRNAseq",MeasurementUnit,"ImmPort,Proposed minimum metadata relative to mass spectrometry,Sage Bionetworks",STRING,"ImmPort,Proposed minimum metadata relative to mass spectrometry,Sage Bionetworks",False,"acquisitionBatchSizeUnit,batchSizeUnit,conversionRatioUnits,dnaBatchSizeUnit,experiementalBatchSizeUnit,lensVoltagesUnit,processingBatchSizeUnit,readLengthUnits,rnaBatchSizeUnit,sampleBatchSizeUnit,sequencingBatchSizeUnit,treatmentAmountUnit,vacuumPressureUnit",
ug/ul,Measurement unit,,False,,,ValidValue,regex search ([0-9]+\.[0-9]*.)|([0-9]+),"Genotyping,Metabolomics Human,Microbiome,RNAseq,Whole Genome Sequencing,bsSeq,scRNAseq",MeasurementUnit,"ImmPort,Proposed minimum metadata relative to mass spectrometry,Sage Bionetworks",STRING,"ImmPort,Proposed minimum metadata relative to mass spectrometry,Sage Bionetworks",False,"acquisitionBatchSizeUnit,batchSizeUnit,conversionRatioUnits,dnaBatchSizeUnit,experiementalBatchSizeUnit,lensVoltagesUnit,processingBatchSizeUnit,readLengthUnits,rnaBatchSizeUnit,sampleBatchSizeUnit,sequencingBatchSizeUnit,treatmentAmountUnit,vacuumPressureUnit",
uiu/ml,Measurement unit,,False,,,ValidValue,regex search ([0-9]+\.[0-9]*.)|([0-9]+),"Genotyping,Metabolomics Human,Microbiome,RNAseq,Whole Genome Sequencing,bsSeq,scRNAseq",MeasurementUnit,"ImmPort,Proposed minimum metadata relative to mass spectrometry,Sage Bionetworks",STRING,"ImmPort,Proposed minimum metadata relative to mass spectrometry,Sage Bionetworks",False,"acquisitionBatchSizeUnit,batchSizeUnit,conversionRatioUnits,dnaBatchSizeUnit,experiementalBatchSizeUnit,lensVoltagesUnit,processingBatchSizeUnit,readLengthUnits,rnaBatchSizeUnit,sampleBatchSizeUnit,sequencingBatchSizeUnit,treatmentAmountUnit,vacuumPressureUnit",
ul,Measurement unit,,False,,,ValidValue,regex search ([0-9]+\.[0-9]*.)|([0-9]+),"Genotyping,Metabolomics Human,Microbiome,RNAseq,Whole Genome Sequencing,bsSeq,scRNAseq",MeasurementUnit,"ImmPort,Proposed minimum metadata relative to mass spectrometry,Sage Bionetworks",STRING,"ImmPort,Proposed minimum metadata relative to mass spectrometry,Sage Bionetworks",False,"acquisitionBatchSizeUnit,batchSizeUnit,conversionRatioUnits,dnaBatchSizeUnit,experiementalBatchSizeUnit,lensVoltagesUnit,processingBatchSizeUnit,readLengthUnits,rnaBatchSizeUnit,sampleBatchSizeUnit,sequencingBatchSizeUnit,treatmentAmountUnit,vacuumPressureUnit",
umol/l,Measurement unit,,False,,,ValidValue,regex search ([0-9]+\.[0-9]*.)|([0-9]+),"Genotyping,Metabolomics Human,Microbiome,RNAseq,Whole Genome Sequencing,bsSeq,scRNAseq",MeasurementUnit,"ImmPort,Proposed minimum metadata relative to mass spectrometry,Sage Bionetworks",STRING,"ImmPort,Proposed minimum metadata relative to mass spectrometry,Sage Bionetworks",False,"acquisitionBatchSizeUnit,batchSizeUnit,conversionRatioUnits,dnaBatchSizeUnit,experiementalBatchSizeUnit,lensVoltagesUnit,processingBatchSizeUnit,readLengthUnits,rnaBatchSizeUnit,sampleBatchSizeUnit,sequencingBatchSizeUnit,treatmentAmountUnit,vacuumPressureUnit",
units/ml,Measurement unit,,False,,,ValidValue,regex search ([0-9]+\.[0-9]*.)|([0-9]+),"Genotyping,Metabolomics Human,Microbiome,RNAseq,Whole Genome Sequencing,bsSeq,scRNAseq",MeasurementUnit,"ImmPort,Proposed minimum metadata relative to mass spectrometry,Sage Bionetworks",STRING,"ImmPort,Proposed minimum metadata relative to mass spectrometry,Sage Bionetworks",False,"acquisitionBatchSizeUnit,batchSizeUnit,conversionRatioUnits,dnaBatchSizeUnit,experiementalBatchSizeUnit,lensVoltagesUnit,processingBatchSizeUnit,readLengthUnits,rnaBatchSizeUnit,sampleBatchSizeUnit,sequencingBatchSizeUnit,treatmentAmountUnit,vacuumPressureUnit",
